DepMap_ID,Cell_line_name,COSMIC_ID,TCGA_classification,Tissue,Tissue_subtype
ACH-000001,OVCAR-3,905933,OV,urogenital_system,ovary
ACH-000002,HL-60,905938,LAML,blood,acute_myeloid_leukaemia
ACH-000006,MONO-MAC-6,908148,LAML,blood,acute_myeloid_leukaemia
ACH-000007,LS-513,907795,COREAD,digestive_system,large_intestine
ACH-000008,A101D,910921,SKCM,skin,melanoma
ACH-000009,C2BBe1,910700,COREAD,digestive_system,large_intestine
ACH-000012,HCC-827,1240146,LUAD,lung,lung_NSCLC_adenocarcinoma
ACH-000015,NCI-H1581,908471,UNCLASSIFIED,lung,lung_NSCLC_large_cell
ACH-000019,MCF7,905946,BRCA,breast,breast
ACH-000020,MHH-CALL-2,908132,UNCLASSIFIED,blood,B_cell_leukemia
ACH-000021,NCI-H1693,687802,LUAD,lung,lung_NSCLC_adenocarcinoma
ACH-000023,PA-TU-8988T,1240201,PAAD,pancreas,pancreas
ACH-000024,OPM-2,909249,MM,blood,myeloma
ACH-000030,PC-14,753608,LUAD,lung,lung_NSCLC_adenocarcinoma
ACH-000035,NCI-H1650,687800,LUAD,lung,lung_NSCLC_adenocarcinoma
ACH-000040,U-118-MG,687588,GBM,nervous_system,glioma
ACH-000042,PANC-02-03,1298475,PAAD,pancreas,pancreas
ACH-000045,MV-4-11,908156,UNCLASSIFIED,blood,leukemia
ACH-000046,ACHN,905950,KIRC,kidney,kidney
ACH-000048,TOV-112D,1299070,OV,urogenital_system,ovary
ACH-000050,NCI-H929,724825,MM,blood,myeloma
ACH-000052,A673,684052,UNCLASSIFIED,soft_tissue,rhabdomyosarcoma
ACH-000053,KARPAS-299,907273,UNCLASSIFIED,blood,anaplastic_large_cell_lymphoma
ACH-000054,HT-1080,907064,UNCLASSIFIED,soft_tissue,fibrosarcoma
ACH-000055,D-283MED,906834,MB,nervous_system,medulloblastoma
ACH-000056,DOHH-2,906842,DLBC,blood,B_cell_lymphoma
ACH-000059,SUP-B15,1247871,ALL,blood,lymphoblastic_leukemia
ACH-000060,PANC-10-05,925348,PAAD,pancreas,pancreas
ACH-000061,HH,907056,UNCLASSIFIED,blood,T_cell_leukemia
ACH-000065,OCI-AML5,1330983,LAML,blood,acute_myeloid_leukaemia
ACH-000070,697,906800,UNCLASSIFIED,blood,lymphoblastic_leukemia
ACH-000072,MEG-01,908126,LCML,blood,chronic_myeloid_leukaemia
ACH-000074,KU812,907311,LCML,blood,chronic_myeloid_leukaemia
ACH-000075,U-87-MG,687590,GBM,nervous_system,glioma
ACH-000081,GDM-1,906870,LAML,blood,acute_myeloid_leukaemia
ACH-000087,SK-ES-1,684072,UNCLASSIFIED,bone,ewings_sarcoma
ACH-000090,PC-3,905934,PRAD,urogenital_system,prostate
ACH-000091,OV-56,1480362,OV,urogenital_system,ovary
ACH-000092,NCI-H2452,908462,MESO,lung,mesothelioma
ACH-000094,HPAF-II,724869,PAAD,pancreas,pancreas
ACH-000098,GAMG,906868,LGG,nervous_system,glioma
ACH-000100,RH-41,1240210,UNCLASSIFIED,soft_tissue,rhabdomyosarcoma
ACH-000101,KE-37,907277,ALL,blood,lymphoblastic_leukemia
ACH-000102,GMS-10,906873,GBM,nervous_system,glioma
ACH-000103,Caov-4,949090,OV,urogenital_system,ovary
ACH-000104,LOUCY,907789,ALL,blood,lymphoblastic_T_cell_leukaemia
ACH-000105,ALL-SIL,1295740,ALL,blood,T_cell_leukemia
ACH-000107,CAPAN-2,910915,PAAD,pancreas,pancreas
ACH-000108,KP-3,1298219,UNCLASSIFIED,pancreas,pancreas
ACH-000109,H3255,1247873,LUAD,lung,lung_NSCLC_adenocarcinoma
ACH-000111,HCC1187,749711,BRCA,breast,breast
ACH-000113,OCI-AML2,910947,LAML,blood,acute_myeloid_leukaemia
ACH-000114,SU8686,1240218,PAAD,pancreas,pancreas
ACH-000115,VCaP,1299075,PRAD,urogenital_system,prostate
ACH-000116,OAW-28,946360,OV,urogenital_system,ovary
ACH-000117,EFM-192A,1290798,BRCA,breast,breast
ACH-000118,HuP-T3,907285,PAAD,pancreas,pancreas
ACH-000120,CHP-212,906820,NB,nervous_system,neuroblastoma
ACH-000121,NCI-H2405,687821,LUAD,lung,lung_NSCLC_adenocarcinoma
ACH-000129,NCI-H1341,1330964,SCLC,lung,lung_small_cell_carcinoma
ACH-000137,8-MG-BA,687562,GBM,nervous_system,glioma
ACH-000138,CFPAC-1,906821,PAAD,pancreas,pancreas
ACH-000139,PANC-03-27,925346,PAAD,pancreas,pancreas
ACH-000142,CAL-29,1290730,BLCA,urogenital_system,bladder
ACH-000144,RERF-GC-1B,1240209,STAD,digestive_system,stomach
ACH-000145,SK-LMS-1,909720,UNCLASSIFIED,soft_tissue,soft_tissue_other
ACH-000147,T47D,905945,BRCA,breast,breast
ACH-000148,Hs-578-T,905957,BRCA,breast,breast
ACH-000149,SK-N-SH,717431,NB,nervous_system,neuroblastoma
ACH-000153,NCI-H2052,688058,MESO,lung,mesothelioma
ACH-000155,SW1990,910907,PAAD,pancreas,pancreas
ACH-000157,A4-Fuk,910934,DLBC,blood,B_cell_lymphoma
ACH-000159,OS-RC-2,909250,KIRC,kidney,kidney
ACH-000161,COR-L105,906805,LUAD,lung,lung_NSCLC_adenocarcinoma
ACH-000162,GA-10,1303896,UNCLASSIFIED,blood,Burkitt_lymphoma
ACH-000168,NOMO-1,908451,LAML,blood,acute_myeloid_leukaemia
ACH-000169,RD,909264,UNCLASSIFIED,soft_tissue,rhabdomyosarcoma
ACH-000171,VMRC-RCZ,909781,KIRC,kidney,kidney
ACH-000174,CAL-62,906828,THCA,thyroid,thyroid
ACH-000176,LOU-NH91,1298226,LUSC,lung,lung_NSCLC_squamous_cell_carcinoma
ACH-000178,Hs-766T,1298141,PAAD,pancreas,pancreas
ACH-000181,SCC-9,909709,HNSC,aero_digestive_tract,head_and_neck
ACH-000183,L-363,924239,MM,blood,myeloma
ACH-000187,COR-L311,687980,SCLC,lung,lung_small_cell_carcinoma
ACH-000189,RCC10RGB,909974,KIRC,kidney,kidney
ACH-000190,HD-MY-Z,907050,UNCLASSIFIED,blood,Hodgkin_lymphoma
ACH-000191,BHT-101,906696,THCA,thyroid,thyroid
ACH-000192,MFE-280,908129,UCEC,urogenital_system,endometrium
ACH-000193,KARPAS-620,1327775,MM,blood,haematopoietic_neoplasm_other
ACH-000196,HCC1599,749713,BRCA,breast,breast
ACH-000198,EoL-1-cell,906856,UNCLASSIFIED,blood,haematopoietic_neoplasm_other
ACH-000201,A204,910784,UNCLASSIFIED,soft_tissue,rhabdomyosarcoma
ACH-000204,LP-1,907791,MM,blood,myeloma
ACH-000207,Detroit562,906837,HNSC,aero_digestive_tract,head_and_neck
ACH-000211,Daoy,906833,MB,nervous_system,medulloblastoma
ACH-000212,CAL-120,906826,BRCA,breast,breast
ACH-000213,HuP-T4,907286,PAAD,pancreas,pancreas
ACH-000217,JHH-6,1240159,LIHC,digestive_system,liver
ACH-000219,A375,906793,SKCM,skin,melanoma
ACH-000221,SNU-398,1240217,LIHC,digestive_system,liver
ACH-000222,AsPC-1,910702,PAAD,pancreas,pancreas
ACH-000223,HCC1937,749714,BRCA,breast,breast
ACH-000225,ECC12,906849,UNCLASSIFIED,digestive_system,stomach
ACH-000227,KP-N-YN,907314,NB,nervous_system,neuroblastoma
ACH-000231,KALS-1,907271,LGG,nervous_system,glioma
ACH-000232,U251,905983,GBM,nervous_system,glioma
ACH-000233,DEL,906836,UNCLASSIFIED,blood,lymphoid_neoplasm_other
ACH-000235,PANC-04-03,1298476,PAAD,pancreas,pancreas
ACH-000236,SW1417,909747,COREAD,digestive_system,large_intestine
ACH-000238,SCC-4,910904,HNSC,aero_digestive_tract,head_and_neck
ACH-000242,RT4,687455,BLCA,urogenital_system,bladder
ACH-000243,DAN-G,1290797,PAAD,pancreas,pancreas
ACH-000244,DK-MG,906839,GBM,nervous_system,glioma
ACH-000245,BL-41,910706,UNCLASSIFIED,blood,Burkitt_lymphoma
ACH-000247,OCUM-1,1298358,STAD,digestive_system,stomach
ACH-000248,AU565,910704,BRCA,breast,breast
ACH-000249,CL-11,1290769,COREAD,digestive_system,large_intestine
ACH-000250,KMRC-20,1298169,KIRC,kidney,kidney
ACH-000252,LS-1034,917486,COREAD,digestive_system,large_intestine
ACH-000254,SCC-15,910911,HNSC,aero_digestive_tract,head_and_neck
ACH-000257,COR-L279,910937,SCLC,lung,lung_small_cell_carcinoma
ACH-000258,DU-4475,906844,BRCA,breast,breast
ACH-000259,KELLY,753618,NB,nervous_system,neuroblastoma
ACH-000260,SK-N-AS,724828,NB,nervous_system,neuroblastoma
ACH-000263,KASUMI-1,907275,LAML,blood,acute_myeloid_leukaemia
ACH-000264,Calu-6,724859,LUAD,lung,lung_NSCLC_adenocarcinoma
ACH-000265,KP-4,753572,PAAD,pancreas,pancreas
ACH-000267,HDLM-2,924110,UNCLASSIFIED,blood,Hodgkin_lymphoma
ACH-000269,AM-38,910933,GBM,nervous_system,glioma
ACH-000270,HPAC,1298136,PAAD,pancreas,pancreas
ACH-000271,SU-DHL-10,1331033,DLBC,blood,B_cell_lymphoma
ACH-000273,SF539,905984,LGG,nervous_system,glioma
ACH-000276,HCC38,749717,BRCA,breast,breast
ACH-000277,HCC1419,907045,BRCA,breast,breast
ACH-000282,NCI-H1755,908475,LUAD,lung,lung_NSCLC_adenocarcinoma
ACH-000288,BT-549,905951,BRCA,breast,breast
ACH-000290,NCI-H209,688013,SCLC,lung,lung_small_cell_carcinoma
ACH-000291,OV-90,1240197,OV,urogenital_system,ovary
ACH-000292,NCI-H841,1240192,SCLC,lung,lung_small_cell_carcinoma
ACH-000293,KLE,924187,UCEC,urogenital_system,endometrium
ACH-000295,EM-2,906855,LCML,blood,chronic_myeloid_leukaemia
ACH-000298,NCI-H2029,688011,SCLC,lung,lung_small_cell_carcinoma
ACH-000301,LAMA-84,907783,LCML,blood,chronic_myeloid_leukaemia
ACH-000303,SNU-5,908445,STAD,digestive_system,stomach
ACH-000304,WM-115,909784,SKCM,skin,melanoma
ACH-000305,EC-GI-10,753555,ESCA,aero_digestive_tract,oesophagus
ACH-000311,NCI-H2122,722046,LUAD,lung,lung_NSCLC_adenocarcinoma
ACH-000315,KARPAS-422,907274,DLBC,blood,B_cell_lymphoma
ACH-000319,MPP-89,908150,MESO,lung,mesothelioma
ACH-000320,PSN1,910546,PAAD,pancreas,pancreas
ACH-000322,HT-144,907067,SKCM,skin,melanoma
ACH-000323,42-MG-BA,687561,GBM,nervous_system,glioma
ACH-000326,JURL-MK1,1327771,LCML,blood,chronic_myeloid_leukaemia
ACH-000330,EFM-19,906851,BRCA,breast,breast
ACH-000332,YAPC,909904,PAAD,pancreas,pancreas
ACH-000334,DB,906832,DLBC,blood,B_cell_lymphoma
ACH-000336,OCI-AML3,1290455,LAML,blood,acute_myeloid_leukaemia
ACH-000337,NCI-H3122,1240190,LUAD,lung,lung_NSCLC_adenocarcinoma
ACH-000341,SK-N-FI,688087,NB,nervous_system,neuroblastoma
ACH-000343,NCI-H522,905944,LUAD,lung,lung_NSCLC_adenocarcinoma
ACH-000346,JVM-3,907270,CLL,blood,lymphoid_neoplasm_other
ACH-000347,QGP-1,1298534,UNCLASSIFIED,pancreas,pancreas
ACH-000348,RPMI-7951,910903,SKCM,skin,melanoma
ACH-000349,HCC1500,1303900,BRCA,breast,breast
ACH-000350,COLO-678,910689,COREAD,digestive_system,large_intestine
ACH-000351,MKN1,908138,UNCLASSIFIED,digestive_system,stomach
ACH-000352,HCC1428,1290905,BRCA,breast,breast
ACH-000353,TE-15,753614,ESCA,aero_digestive_tract,oesophagus
ACH-000354,CAPAN-1,753624,PAAD,pancreas,pancreas
ACH-000355,NCI-H82,688031,SCLC,lung,lung_small_cell_carcinoma
ACH-000356,MKN45,925340,STAD,digestive_system,stomach
ACH-000358,NCI-H69,688027,SCLC,lung,lung_small_cell_carcinoma
ACH-000360,NCI-H508,908442,COREAD,digestive_system,large_intestine
ACH-000361,SK-HEP-1,909719,LIHC,digestive_system,liver
ACH-000362,MOLM-13,1330947,LAML,blood,acute_myeloid_leukaemia
ACH-000363,SK-MM-2,753612,MM,blood,myeloma
ACH-000364,U-2-OS,909776,UNCLASSIFIED,bone,osteosarcoma
ACH-000366,SK-N-DZ,688086,NB,nervous_system,neuroblastoma
ACH-000367,NCI-H226,905941,LUSC,lung,lung_NSCLC_squamous_cell_carcinoma
ACH-000372,P12-ICHIKAWA,909251,ALL,blood,lymphoblastic_T_cell_leukaemia
ACH-000373,SKM-1,909722,UNCLASSIFIED,blood,haematopoietic_neoplasm_other
ACH-000374,HCC1143,749710,BRCA,breast,breast
ACH-000379,NCI-H1781,1298350,LUAD,lung,lung_NSCLC_adenocarcinoma
ACH-000380,KMS-12-BM,907281,MM,blood,myeloma
ACH-000381,T84,909761,COREAD,digestive_system,large_intestine
ACH-000383,OE33,910549,ESCA,aero_digestive_tract,oesophagus
ACH-000384,SW780,687457,BLCA,urogenital_system,bladder
ACH-000386,KG-1,907278,LAML,blood,acute_myeloid_leukaemia
ACH-000389,H4,907042,LGG,nervous_system,glioma
ACH-000391,MHH-ES-1,908134,UNCLASSIFIED,bone,ewings_sarcoma
ACH-000392,Calu-3,687777,LUAD,lung,lung_NSCLC_adenocarcinoma
ACH-000395,NCI-H520,908443,LUSC,lung,lung_NSCLC_squamous_cell_carcinoma
ACH-000396,J82,753566,BLCA,urogenital_system,bladder
ACH-000400,SK-CO-1,909718,COREAD,digestive_system,large_intestine
ACH-000403,NCI-H747,908457,COREAD,digestive_system,large_intestine
ACH-000408,TE-5,735784,ESCA,aero_digestive_tract,oesophagus
ACH-000410,Saos-2,909707,UNCLASSIFIED,bone,osteosarcoma
ACH-000414,NCI-H1944,1240185,LUAD,lung,lung_NSCLC_adenocarcinoma
ACH-000417,PANC-08-13,925347,PAAD,pancreas,pancreas
ACH-000420,SNU-449,909738,LIHC,digestive_system,liver
ACH-000421,SW837,909755,COREAD,digestive_system,large_intestine
ACH-000424,TC-71,1240221,UNCLASSIFIED,bone,ewings_sarcoma
ACH-000425,UACC-62,905976,SKCM,skin,melanoma
ACH-000427,NCI-N87,908461,STAD,digestive_system,stomach
ACH-000429,A704,910920,KIRC,kidney,kidney
ACH-000430,TYK-nu,909774,UNCLASSIFIED,urogenital_system,ovary
ACH-000431,NCI-H1694,688006,SCLC,lung,lung_small_cell_carcinoma
ACH-000432,BV-173,910710,LCML,blood,chronic_myeloid_leukaemia
ACH-000434,NCI-H1915,1240184,UNCLASSIFIED,lung,lung_NSCLC_large_cell
ACH-000437,SW1088,909745,GBM,nervous_system,glioma
ACH-000438,LU-65,724863,UNCLASSIFIED,lung,lung_NSCLC_large_cell
ACH-000439,ME-1,1330942,LAML,blood,acute_myeloid_leukaemia
ACH-000440,CA46,910703,UNCLASSIFIED,blood,Burkitt_lymphoma
ACH-000441,SH-4,909713,SKCM,skin,melanoma
ACH-000442,RERF-LC-Sq1,1298538,LUSC,lung,lung_NSCLC_squamous_cell_carcinoma
ACH-000443,OVKATE,1240199,OV,urogenital_system,ovary
ACH-000447,NCI-H2228,687816,LUAD,lung,lung_NSCLC_adenocarcinoma
ACH-000448,NCI-H1666,908473,LUAD,lung,lung_NSCLC_adenocarcinoma
ACH-000449,MES-SA,908127,UNCLASSIFIED,urogenital_system,uterus
ACH-000451,NCI-H2085,687812,LUAD,lung,lung_NSCLC_adenocarcinoma
ACH-000452,TE-8,753623,ESCA,aero_digestive_tract,oesophagus
ACH-000456,B-CPAP,924104,THCA,thyroid,thyroid
ACH-000457,CAL-54,910952,KIRC,kidney,kidney
ACH-000464,CAS-1,910943,GBM,nervous_system,glioma
ACH-000465,SK-MEL-1,909723,SKCM,skin,melanoma
ACH-000469,YH-13,909905,GBM,nervous_system,glioma
ACH-000470,SW1463,909748,COREAD,digestive_system,large_intestine
ACH-000472,HSC-2,753562,HNSC,aero_digestive_tract,head_and_neck
ACH-000473,RT-112,909704,BLCA,urogenital_system,bladder
ACH-000475,huH-1,1298146,LIHC,digestive_system,liver
ACH-000478,SNU-387,909736,LIHC,digestive_system,liver
ACH-000480,HuH-7,907071,LIHC,digestive_system,liver
ACH-000481,NCI-H2170,687815,LUSC,lung,lung_NSCLC_squamous_cell_carcinoma
ACH-000482,RERF-LC-KJ,1298537,LUAD,lung,lung_NSCLC_adenocarcinoma
ACH-000483,SNU-182,1240216,LIHC,digestive_system,liver
ACH-000486,KU-19-19,907312,BLCA,urogenital_system,bladder
ACH-000489,SW1116,909746,COREAD,digestive_system,large_intestine
ACH-000491,NCI-H716,908458,COREAD,digestive_system,large_intestine
ACH-000493,SNU-423,909737,LIHC,digestive_system,liver
ACH-000496,NCI-H1792,724868,LUAD,lung,lung_NSCLC_adenocarcinoma
ACH-000501,LS-123,907792,COREAD,digestive_system,large_intestine
ACH-000505,RKN,1298539,UNCLASSIFIED,urogenital_system,ovary
ACH-000508,COR-L88,906808,SCLC,lung,lung_small_cell_carcinoma
ACH-000510,NCI-H1299,724831,UNCLASSIFIED,lung,lung_NSCLC_large_cell
ACH-000514,NCI-H1092,687997,SCLC,lung,lung_small_cell_carcinoma
ACH-000518,CAL-33,753541,HNSC,aero_digestive_tract,head_and_neck
ACH-000522,UM-UC-3,724838,BLCA,urogenital_system,bladder
ACH-000524,KURAMOCHI,909975,UNCLASSIFIED,urogenital_system,ovary
ACH-000527,OVISE,1240198,OV,urogenital_system,ovary
ACH-000528,ABC-1,906791,LUAD,lung,lung_NSCLC_adenocarcinoma
ACH-000530,DMS-114,687983,SCLC,lung,lung_small_cell_carcinoma
ACH-000532,SNU-61,1660035,COREAD,digestive_system,large_intestine
ACH-000534,WSU-DLCL2,1331050,DLBC,blood,B_cell_lymphoma
ACH-000535,BxPC-3,906693,PAAD,pancreas,pancreas
ACH-000536,BT-20,906801,BRCA,breast,breast
ACH-000538,HuTu-80,907073,UNCLASSIFIED,digestive_system,digestive_system_other
ACH-000544,OE21,1298359,ESCA,aero_digestive_tract,oesophagus
ACH-000545,VM-CUB-1,909780,BLCA,urogenital_system,bladder
ACH-000546,HSC-4,907062,HNSC,aero_digestive_tract,head_and_neck
ACH-000547,HT-1197,907065,BLCA,urogenital_system,bladder
ACH-000551,K-562,905940,LCML,blood,chronic_myeloid_leukaemia
ACH-000552,HT-29,905939,COREAD,digestive_system,large_intestine
ACH-000554,UACC-893,909778,BRCA,breast,breast
ACH-000555,A498,905948,KIRC,kidney,kidney
ACH-000556,SiHa,930297,CESC,urogenital_system,cervix
ACH-000560,ECC10,906848,UNCLASSIFIED,digestive_system,stomach
ACH-000562,HCC-78,1290908,LUAD,lung,lung_NSCLC_adenocarcinoma
ACH-000563,EBC-1,753554,LUSC,lung,lung_NSCLC_squamous_cell_carcinoma
ACH-000565,RCM-1,909263,COREAD,digestive_system,large_intestine
ACH-000566,SW1710,909749,BLCA,urogenital_system,bladder
ACH-000567,ST486,910906,UNCLASSIFIED,blood,Burkitt_lymphoma
ACH-000568,UACC-812,910910,BRCA,breast,breast
ACH-000569,IST-MES1,907173,MESO,lung,mesothelioma
ACH-000571,T98G,687586,GBM,nervous_system,glioma
ACH-000572,G-361,906865,SKCM,skin,melanoma
ACH-000573,MDA-MB-436,1240172,BRCA,breast,breast
ACH-000574,FU-OV-1,1240129,OV,urogenital_system,ovary
ACH-000579,UACC-257,905977,SKCM,skin,melanoma
ACH-000580,C32,906830,SKCM,skin,melanoma
ACH-000581,SNU-16,908446,STAD,digestive_system,stomach
ACH-000585,EPLC-272H,753556,LUSC,lung,lung_NSCLC_squamous_cell_carcinoma
ACH-000586,NCI-H1876,1330972,SCLC,lung,lung_small_cell_carcinoma
ACH-000587,NCI-H1975,924244,LUAD,lung,lung_NSCLC_adenocarcinoma
ACH-000595,LN-229,1240169,GBM,nervous_system,glioma
ACH-000596,LCLC-97TM1,946361,UNCLASSIFIED,lung,lung_NSCLC_large_cell
ACH-000599,PA-TU-8902,1298526,PAAD,pancreas,pancreas
ACH-000601,MIA-PaCa-2,724870,PAAD,pancreas,pancreas
ACH-000605,TE-6,946355,ESCA,aero_digestive_tract,oesophagus
ACH-000607,KYM-1,1240166,UNCLASSIFIED,soft_tissue,rhabdomyosarcoma
ACH-000610,NCI-H2227,688018,SCLC,lung,lung_small_cell_carcinoma
ACH-000611,SU-DHL-6,1331037,DLBC,blood,B_cell_lymphoma
ACH-000613,HOS,907060,UNCLASSIFIED,bone,osteosarcoma
ACH-000616,Hs-746T,1240151,STAD,digestive_system,stomach
ACH-000617,OVCAR-4,905990,OV,urogenital_system,ovary
ACH-000620,JHH-1,1298151,LIHC,digestive_system,liver
ACH-000621,MDA-MB-157,925338,BRCA,breast,breast
ACH-000624,HCC1806,907047,UNCLASSIFIED,breast,breast
ACH-000625,Hep3B2-1-7,1240147,LIHC,digestive_system,liver
ACH-000626,U-266,753615,MM,blood,myeloma
ACH-000627,LCLC-103H,753586,UNCLASSIFIED,lung,lung_NSCLC_large_cell
ACH-000628,NCI-H596,908459,UNCLASSIFIED,lung,lung_NSCLC_adenocarcinoma
ACH-000631,KS-1,907313,GBM,nervous_system,glioma
ACH-000633,FU97,1290806,STAD,digestive_system,stomach
ACH-000636,RPMI-8402,909702,ALL,blood,lymphoblastic_T_cell_leukaemia
ACH-000637,KYSE-520,753575,ESCA,aero_digestive_tract,oesophagus
ACH-000638,NCI-H441,908460,LUAD,lung,lung_NSCLC_adenocarcinoma
ACH-000639,NCI-H211,1240189,SCLC,lung,lung_small_cell_carcinoma
ACH-000643,HDQ-P1,1290922,BRCA,breast,breast
ACH-000644,COLO-829,687448,SKCM,skin,melanoma
ACH-000647,TE-1,753621,ESCA,aero_digestive_tract,oesophagus
ACH-000648,NCI-H28,908470,MESO,lung,mesothelioma
ACH-000649,786-0,905947,KIRC,kidney,kidney
ACH-000650,IGR-37,1240153,SKCM,skin,melanoma
ACH-000651,SW620,905962,COREAD,digestive_system,large_intestine
ACH-000652,SUIT-2,1240219,PAAD,pancreas,pancreas
ACH-000653,JJN-3,1327766,MM,blood,haematopoietic_neoplasm_other
ACH-000654,Raji,909262,UNCLASSIFIED,blood,Burkitt_lymphoma
ACH-000655,SF268,905986,GBM,nervous_system,glioma
ACH-000656,SU-DHL-8,1331038,DLBC,blood,B_cell_lymphoma
ACH-000657,A2780,906804,UNCLASSIFIED,urogenital_system,ovary
ACH-000660,SU-DHL-5,1331036,DLBC,blood,B_cell_lymphoma
ACH-000662,COR-L23,687780,UNCLASSIFIED,lung,lung_NSCLC_large_cell
ACH-000663,OVTOKO,1298365,OV,urogenital_system,ovary
ACH-000665,SK-MES-1,909728,LUSC,lung,lung_NSCLC_squamous_cell_carcinoma
ACH-000666,NCI-H1355,724866,LUAD,lung,lung_NSCLC_adenocarcinoma
ACH-000667,HCC-44,1240145,LUAD,lung,lung_NSCLC_adenocarcinoma
ACH-000668,HCC70,907048,BRCA,breast,breast
ACH-000669,SW900,724879,LUSC,lung,lung_NSCLC_squamous_cell_carcinoma
ACH-000670,SBC-5,713880,SCLC,lung,lung_small_cell_carcinoma
ACH-000672,IA-LM,910779,UNCLASSIFIED,lung,lung_NSCLC_large_cell
ACH-000674,NUGC-4,1298357,STAD,digestive_system,stomach
ACH-000677,SW1573,724878,LUAD,lung,lung_NSCLC_adenocarcinoma
ACH-000678,MKN7,924250,STAD,digestive_system,stomach
ACH-000679,OE19,910079,ESCA,aero_digestive_tract,oesophagus
ACH-000680,SW948,909757,COREAD,digestive_system,large_intestine
ACH-000681,A549,905949,LUAD,lung,lung_NSCLC_adenocarcinoma
ACH-000684,KMRC-1,1298168,KIRC,kidney,kidney
ACH-000691,HCC2157,749715,BRCA,breast,breast
ACH-000693,KYSE-180,907318,ESCA,aero_digestive_tract,oesophagus
ACH-000694,TE-9,946353,ESCA,aero_digestive_tract,oesophagus
ACH-000696,OVCAR-8,905991,OV,urogenital_system,ovary
ACH-000697,A3-KAW,910935,DLBC,blood,B_cell_lymphoma
ACH-000698,DMS-53,907295,SCLC,lung,lung_small_cell_carcinoma
ACH-000699,HCC1395,749712,BRCA,breast,breast
ACH-000702,L-1236,1330935,UNCLASSIFIED,blood,Hodgkin_lymphoma
ACH-000703,DMS-79,753551,SCLC,lung,lung_small_cell_carcinoma
ACH-000704,OAW-42,910548,OV,urogenital_system,ovary
ACH-000706,EKVX,905970,LUAD,lung,lung_NSCLC_adenocarcinoma
ACH-000711,JIMT-1,1298157,BRCA,breast,breast
ACH-000716,TT2609-C02,1240223,THCA,thyroid,thyroid
ACH-000717,COLO-680N,906817,ESCA,aero_digestive_tract,oesophagus
ACH-000719,RMG-I,909699,UNCLASSIFIED,urogenital_system,ovary
ACH-000720,TCCSUP,687459,BLCA,urogenital_system,bladder
ACH-000722,SNU-C1,910905,COREAD,digestive_system,large_intestine
ACH-000724,HT-1376,907066,BLCA,urogenital_system,bladder
ACH-000725,HCC202,1290906,BRCA,breast,breast
ACH-000729,NCI-H1963,688010,SCLC,lung,lung_small_cell_carcinoma
ACH-000730,SK-MEL-5,905956,SKCM,skin,melanoma
ACH-000733,NCI-H1838,687807,LUAD,lung,lung_NSCLC_adenocarcinoma
ACH-000738,GB-1,687568,GBM,nervous_system,glioma
ACH-000740,A253,906794,UNCLASSIFIED,aero_digestive_tract,head_and_neck
ACH-000743,COR-L95,1297439,SCLC,lung,lung_small_cell_carcinoma
ACH-000744,NCI-H1623,687798,LUAD,lung,lung_NSCLC_adenocarcinoma
ACH-000745,MOLP-8,1330950,MM,blood,myeloma
ACH-000747,NCI-H1703,908474,UNCLASSIFIED,lung,lung_NSCLC_adenocarcinoma
ACH-000748,SJSA-1,909717,UNCLASSIFIED,bone,bone_other
ACH-000749,DMS-273,687985,SCLC,lung,lung_small_cell_carcinoma
ACH-000750,LOXIMVI,905974,SKCM,skin,melanoma
ACH-000751,OCI-M1,1330985,LAML,blood,acute_myeloid_leukaemia
ACH-000752,NCI-H196,1240186,SCLC,lung,lung_small_cell_carcinoma
ACH-000754,L-428,907322,UNCLASSIFIED,blood,Hodgkin_lymphoma
ACH-000755,HCC2218,749716,BRCA,breast,breast
ACH-000756,GI-1,906871,LGG,nervous_system,glioma
ACH-000757,A427,910851,UNCLASSIFIED,lung,lung_NSCLC_not_specified
ACH-000759,MDA-MB-175-VII,908120,BRCA,breast,breast
ACH-000763,MM1S,1659818,MM,blood,myeloma
ACH-000766,NCI-H1648,687799,LUAD,lung,lung_NSCLC_adenocarcinoma
ACH-000767,NCI-H526,688025,SCLC,lung,lung_small_cell_carcinoma
ACH-000768,MDA-MB-231,905960,BRCA,breast,breast
ACH-000769,LK-2,687787,LUSC,lung,lung_NSCLC_squamous_cell_carcinoma
ACH-000770,P31-FUJ,909253,LAML,blood,acute_myeloid_leukaemia
ACH-000775,NCI-H727,724855,UNCLASSIFIED,lung,lung_NSCLC_carcinoid
ACH-000776,ONS-76,909248,MB,nervous_system,medulloblastoma
ACH-000778,HSC-3,907061,HNSC,aero_digestive_tract,head_and_neck
ACH-000781,NCI-H2023,1240187,LUAD,lung,lung_NSCLC_adenocarcinoma
ACH-000783,CAMA-1,946382,BRCA,breast,breast
ACH-000784,KYSE-70,753576,ESCA,aero_digestive_tract,oesophagus
ACH-000786,Daudi,906831,UNCLASSIFIED,blood,Burkitt_lymphoma
ACH-000787,LXF-289,753592,LUAD,lung,lung_NSCLC_adenocarcinoma
ACH-000788,A2058,906792,SKCM,skin,melanoma
ACH-000789,NCI-H810,925341,UNCLASSIFIED,lung,lung_NSCLC_large_cell
ACH-000790,SHP-77,724872,SCLC,lung,lung_small_cell_carcinoma
ACH-000792,BFTC-909,910698,KIRC,kidney,kidney
ACH-000793,KATOIII,907276,STAD,digestive_system,stomach
ACH-000794,BICR22,1240121,HNSC,aero_digestive_tract,head_and_neck
ACH-000798,CL-40,1240124,COREAD,digestive_system,large_intestine
ACH-000800,NCI-H446,688023,SCLC,lung,lung_small_cell_carcinoma
ACH-000802,BFTC-905,910926,BLCA,urogenital_system,bladder
ACH-000803,COLO-668,910692,SCLC,lung,lung_small_cell_carcinoma
ACH-000804,NB1,949179,NB,nervous_system,neuroblastoma
ACH-000805,COLO-679,906818,SKCM,skin,melanoma
ACH-000806,L-540,907323,UNCLASSIFIED,blood,Hodgkin_lymphoma
ACH-000809,KYSE-410,753574,ESCA,aero_digestive_tract,oesophagus
ACH-000811,SK-OV-3,905959,OV,urogenital_system,ovary
ACH-000815,KM-H2,909976,UNCLASSIFIED,blood,Hodgkin_lymphoma
ACH-000816,NCI-H524,908483,SCLC,lung,lung_small_cell_carcinoma
ACH-000817,RPMI-8226,905964,MM,blood,myeloma
ACH-000818,BT-483,949093,BRCA,breast,breast
ACH-000819,LN-18,1240168,GBM,nervous_system,glioma
ACH-000821,EJM,1297447,MM,blood,lymphoid_neoplasm_other
ACH-000822,SK-MEL-24,909725,SKCM,skin,melanoma
ACH-000823,KYSE-140,753573,ESCA,aero_digestive_tract,oesophagus
ACH-000824,KYSE-510,907321,ESCA,aero_digestive_tract,oesophagus
ACH-000825,HOP-92,905973,UNCLASSIFIED,lung,lung_NSCLC_large_cell
ACH-000827,WM793B,1299081,SKCM,skin,melanoma
ACH-000828,ZR-75-30,909907,BRCA,breast,breast
ACH-000832,CAL-27,910916,HNSC,aero_digestive_tract,head_and_neck
ACH-000835,GCT,906999,UNCLASSIFIED,soft_tissue,soft_tissue_other
ACH-000838,AMO-1,1295741,MM,blood,haematopoietic_neoplasm_other
ACH-000840,HCC-366,1240144,UNCLASSIFIED,lung,lung_NSCLC_not_specified
ACH-000841,NCI-H2087,724834,LUAD,lung,lung_NSCLC_adenocarcinoma
ACH-000843,HARA,1240142,LUSC,lung,lung_NSCLC_squamous_cell_carcinoma
ACH-000846,FADU,906863,HNSC,aero_digestive_tract,head_and_neck
ACH-000847,HGC-27,907055,STAD,digestive_system,stomach
ACH-000848,JHH-7,1240160,LIHC,digestive_system,liver
ACH-000849,MDA-MB-468,908123,BRCA,breast,breast
ACH-000852,NCI-H1435,1298347,LUAD,lung,lung_NSCLC_adenocarcinoma
ACH-000853,NCI-H661,687829,UNCLASSIFIED,lung,lung_NSCLC_large_cell
ACH-000855,KYSE-150,907317,ESCA,aero_digestive_tract,oesophagus
ACH-000856,CAL-51,910927,BRCA,breast,breast
ACH-000857,CAL-85-1,910852,BRCA,breast,breast
ACH-000858,KNS-62,753569,LUSC,lung,lung_NSCLC_squamous_cell_carcinoma
ACH-000859,HCC1954,749709,BRCA,breast,breast
ACH-000860,NCI-H358,908465,LUAD,lung,lung_NSCLC_adenocarcinoma
ACH-000861,HOP-62,905972,LUAD,lung,lung_NSCLC_adenocarcinoma
ACH-000863,DBTRG-05MG,906835,GBM,nervous_system,glioma
ACH-000864,COLO-684,910691,UCEC,urogenital_system,endometrium
ACH-000865,KYSE-450,907320,ESCA,aero_digestive_tract,oesophagus
ACH-000866,NCI-H1048,687995,SCLC,lung,lung_small_cell_carcinoma
ACH-000869,NCI-H1568,1298348,LUAD,lung,lung_NSCLC_adenocarcinoma
ACH-000873,KYSE-270,907319,ESCA,aero_digestive_tract,oesophagus
ACH-000874,RS4-11,909703,ALL,blood,leukemia
ACH-000875,NCI-H2347,687820,LUAD,lung,lung_NSCLC_adenocarcinoma
ACH-000876,MDA-MB-415,924240,BRCA,breast,breast
ACH-000878,HCC-15,1240143,LUSC,lung,lung_NSCLC_squamous_cell_carcinoma
ACH-000879,MFE-296,908130,UCEC,urogenital_system,endometrium
ACH-000880,AGS,906790,STAD,digestive_system,stomach
ACH-000881,MEL-JUSO,908125,SKCM,skin,melanoma
ACH-000882,IGR-1,907169,SKCM,skin,melanoma
ACH-000883,SW1783,909750,LGG,nervous_system,glioma
ACH-000885,TOV-21G,1240222,OV,urogenital_system,ovary
ACH-000886,NCI-H2009,724873,LUAD,lung,lung_NSCLC_adenocarcinoma
ACH-000888,NCI-H1793,908463,LUAD,lung,lung_NSCLC_adenocarcinoma
ACH-000890,SW1271,1299062,SCLC,lung,lung_small_cell_carcinoma
ACH-000892,NCI-H1563,753600,LUAD,lung,lung_NSCLC_adenocarcinoma
ACH-000893,NCI-H1651,910900,LUAD,lung,lung_NSCLC_adenocarcinoma
ACH-000894,NCI-H1869,1240183,LUSC,lung,lung_NSCLC_squamous_cell_carcinoma
ACH-000895,CL-34,1290771,COREAD,digestive_system,large_intestine
ACH-000896,647-V,906797,BLCA,urogenital_system,bladder
ACH-000900,NCI-H23,905942,LUAD,lung,lung_NSCLC_adenocarcinoma
ACH-000902,CAL-148,924106,BRCA,breast,breast
ACH-000903,FTC-133,906864,THCA,thyroid,thyroid
ACH-000905,5637,687452,BLCA,urogenital_system,bladder
ACH-000906,ES-2,1240128,UNCLASSIFIED,urogenital_system,ovary
ACH-000910,MDA-MB-453,908122,BRCA,breast,breast
ACH-000911,NUGC-3,908455,STAD,digestive_system,stomach
ACH-000913,ESS-1,907000,UNCLASSIFIED,urogenital_system,endometrium
ACH-000916,NCI-H1573,908472,LUAD,lung,lung_NSCLC_adenocarcinoma
ACH-000917,TE-4,1503371,ESCA,aero_digestive_tract,oesophagus
ACH-000918,MOLT-16,908147,ALL,blood,lymphoblastic_T_cell_leukaemia
ACH-000919,IM-95,1240155,STAD,digestive_system,stomach
ACH-000920,CML-T1,910951,LCML,blood,chronic_myeloid_leukaemia
ACH-000926,HT55,907287,COREAD,digestive_system,large_intestine
ACH-000927,BT-474,946359,BRCA,breast,breast
ACH-000930,HCC1569,907046,BRCA,breast,breast
ACH-000932,SNU-1,908444,STAD,digestive_system,stomach
ACH-000934,MDA-MB-361,908121,BRCA,breast,breast
ACH-000935,MDST8,1240173,COREAD,digestive_system,large_intestine
ACH-000936,EFO-27,906852,UNCLASSIFIED,urogenital_system,ovary
ACH-000937,PF-382,909260,ALL,blood,lymphoblastic_T_cell_leukaemia
ACH-000938,NALM-6,908158,UNCLASSIFIED,blood,B_cell_leukemia
ACH-000939,SK-UT-1,909732,UNCLASSIFIED,soft_tissue,soft_tissue_other
ACH-000940,AN3-CA,910781,UCEC,urogenital_system,endometrium
ACH-000943,RKO,909698,COREAD,digestive_system,large_intestine
ACH-000944,NAMALWA,908159,UNCLASSIFIED,blood,Burkitt_lymphoma
ACH-000945,NCI-H650,722066,LUAD,lung,lung_NSCLC_adenocarcinoma
ACH-000947,OVK-18,1480371,OV,urogenital_system,ovary
ACH-000948,23132-87,910924,STAD,digestive_system,stomach
ACH-000949,TGBC11TKB,909770,STAD,digestive_system,stomach
ACH-000950,LoVo,907790,COREAD,digestive_system,large_intestine
ACH-000951,NCI-H2342,687819,LUAD,lung,lung_NSCLC_adenocarcinoma
ACH-000953,SUP-T1,909743,ALL,blood,lymphoblastic_T_cell_leukaemia
ACH-000955,SNU-407,1660034,COREAD,digestive_system,large_intestine
ACH-000956,22RV1,924100,PRAD,urogenital_system,prostate
ACH-000957,LS-180,998189,COREAD,digestive_system,large_intestine
ACH-000958,SW48,909751,COREAD,digestive_system,large_intestine
ACH-000960,REH,909696,UNCLASSIFIED,blood,B_cell_leukemia
ACH-000962,OC-314,909257,OV,urogenital_system,ovary
ACH-000963,CCK-81,1240123,COREAD,digestive_system,large_intestine
ACH-000965,RL95-2,930082,UNCLASSIFIED,urogenital_system,endometrium
ACH-000966,IGROV-1,905968,OV,urogenital_system,ovary
ACH-000968,COLO-792,906814,SKCM,skin,melanoma
ACH-000969,KM12,905989,COREAD,digestive_system,large_intestine
ACH-000970,SNU-C5,1674021,COREAD,digestive_system,large_intestine
ACH-000971,HCT-116,905936,COREAD,digestive_system,large_intestine
ACH-000973,639-V,906798,BLCA,urogenital_system,bladder
ACH-000974,SNG-M,909735,UCEC,urogenital_system,endometrium
ACH-000976,HuCCT1,907069,UNCLASSIFIED,digestive_system,biliary_tract
ACH-000977,LNCaP-Clone-FGC,907788,PRAD,urogenital_system,prostate
ACH-000978,EN,1240127,UCEC,urogenital_system,endometrium
ACH-000980,NCI-H1155,908467,UNCLASSIFIED,lung,lung_NSCLC_large_cell
ACH-000981,DND-41,1297446,ALL,blood,T_cell_leukemia
ACH-000983,KCL-22,1330931,LCML,blood,chronic_myeloid_leukaemia
ACH-000985,LS-411N,907794,COREAD,digestive_system,large_intestine
ACH-000986,HT-115,907289,COREAD,digestive_system,large_intestine
ACH-000987,Mewo,908128,SKCM,skin,melanoma
ACH-000988,MFE-319,1240174,UCEC,urogenital_system,endometrium
ACH-000989,SNU-175,1659928,COREAD,digestive_system,large_intestine
ACH-000991,SNU-81,1660036,COREAD,digestive_system,large_intestine
ACH-000995,Jurkat,998184,ALL,blood,T_cell_leukemia
ACH-000997,HCT-15,905937,COREAD,digestive_system,large_intestine
ACH-000998,CW-2,910554,COREAD,digestive_system,large_intestine
ACH-000999,SNU-1040,1659823,COREAD,digestive_system,large_intestine
ACH-001016,Becker,906746,GBM,nervous_system,glioma
ACH-001106,KOPN-8,1330933,UNCLASSIFIED,blood,B_cell_leukemia
ACH-001151,OVCAR-5,905969,OV,urogenital_system,ovary
ACH-001190,SK-MEL-2,905955,SKCM,skin,melanoma
ACH-001193,SK-PN-DW,909731,UNCLASSIFIED,bone,ewings_sarcoma
ACH-001274,SW982,909759,UNCLASSIFIED,soft_tissue,soft_tissue_other
ACH-001306,8305C,906795,THCA,thyroid,thyroid
ACH-001307,8505C,924102,THCA,thyroid,thyroid
ACH-001321,TT,930299,THCA,thyroid,thyroid
ACH-001332,BICR78,1240122,HNSC,aero_digestive_tract,head_and_neck
ACH-001333,C-33-A,687505,CESC,urogenital_system,cervix
ACH-001336,Ca-Ski,906824,CESC,urogenital_system,cervix
ACH-001341,DoTc2-4510,906843,CESC,urogenital_system,cervix
ACH-001345,GP5d,907291,COREAD,digestive_system,large_intestine
ACH-001360,MS751,1240179,CESC,urogenital_system,cervix
ACH-001368,OACM5-1,1503363,ESCA,aero_digestive_tract,oesophagus
ACH-001374,PA-1,909255,UNCLASSIFIED,urogenital_system,ovary
ACH-001399,SW626,909753,OV,urogenital_system,ovary
ACH-001401,SW13,909744,ACC,kidney,adrenal_gland
ACH-001402,SW756,724839,CESC,urogenital_system,cervix
ACH-001443,ASH-3,1290722,THCA,thyroid,thyroid
ACH-001494,EGI-1,906853,UNCLASSIFIED,digestive_system,biliary_tract
ACH-001496,ESO26,1503366,ESCA,aero_digestive_tract,oesophagus
ACH-001497,ESO51,1503367,ESCA,aero_digestive_tract,oesophagus
ACH-001498,Farage,1297449,DLBC,blood,B_cell_lymphoma
ACH-001500,FLO-1,1503361,ESCA,aero_digestive_tract,oesophagus
ACH-001517,HEC-1,907051,UCEC,urogenital_system,endometrium
ACH-001519,H-EMC-SS,907290,UNCLASSIFIED,bone,chondrosarcoma
ACH-001525,HT-3,907068,CESC,urogenital_system,cervix
ACH-001526,HuO9,907072,UNCLASSIFIED,bone,osteosarcoma
ACH-001528,IHH-4,1240154,THCA,thyroid,thyroid
ACH-001549,LU-135,713899,SCLC,lung,lung_small_cell_carcinoma
ACH-001578,NCCIT,908441,UNCLASSIFIED,urogenital_system,testis
ACH-001603,NH-12,908447,NB,nervous_system,neuroblastoma
ACH-001626,OSC-20,1240196,HNSC,aero_digestive_tract,head_and_neck
ACH-001630,PEO1,1480372,OV,urogenital_system,ovary
ACH-001638,RC-K8,1330995,DLBC,blood,B_cell_lymphoma
ACH-001642,SCC-3,910930,DLBC,blood,B_cell_lymphoma
ACH-001650,SISO,1240212,CESC,urogenital_system,cervix
ACH-001653,SK-GT-2,1503364,STAD,digestive_system,stomach
ACH-001654,SK-GT-4,1503365,ESCA,aero_digestive_tract,oesophagus
ACH-001655,SKN,1240215,UNCLASSIFIED,urogenital_system,uterus
ACH-001674,TGW,910780,NB,nervous_system,neuroblastoma
ACH-001702,VA-ES-BJ,688121,UNCLASSIFIED,soft_tissue,soft_tissue_other
ACH-001703,VAL,1331048,DLBC,blood,B_cell_lymphoma
ACH-001709,WSU-NHL,909785,UNCLASSIFIED,blood,lymphoid_neoplasm_other
ACH-001711,PFSK-1,683667,MB,nervous_system,medulloblastoma
ACH-001715,CAL-72,906827,UNCLASSIFIED,bone,osteosarcoma
ACH-001716,GOTO,906875,NB,nervous_system,neuroblastoma
ACH-001819,MFM-223,910948,BRCA,breast,breast
ACH-001820,COLO-824,906812,BRCA,breast,breast
ACH-001861,TGBC1TKB,909769,UNCLASSIFIED,digestive_system,biliary_tract
ACH-002029,SAS,909708,HNSC,aero_digestive_tract,head_and_neck
ACH-002045,HO-1-u-1,753561,HNSC,aero_digestive_tract,head_and_neck
ACH-002059,P30-OHK,909252,ALL,blood,lymphoblastic_leukemia
ACH-002062,SLVL,1331032,DLBC,blood,B_cell_lymphoma
ACH-002067,NOS-1,925345,UNCLASSIFIED,bone,osteosarcoma
